Config,Feature,Percentile,Full_Trades,Full_PF,Full_TotalPips,Full_MaxDD,Full_RoMD,OOS_Trades,OOS_PF,OOS_TotalPips,OOS_MaxDD,OOS_RoMD,Q1_Trades,Q1_PF,Q1_TotalPips,Q1_MaxDD,Q1_RoMD,RejectedTrades,RejectedRatePct,Delta_Full_TotalPips,Delta_Full_MaxDD,Delta_Full_RoMD,Delta_OOS_TotalPips,Delta_OOS_MaxDD,Delta_OOS_RoMD,Delta_Q1_TotalPips,Delta_Q1_MaxDD,Delta_Q1_RoMD
H1_ATR14_Pips_LTE_P70,H1_ATR14_Pips,70.0,10557,1.309,44270.6,1674.1,26.44,946,1.418,5429.8,643.4,8.44,182,1.455,1161.0,349.8,3.32,4708,30.84,-42288.1,-527.6,-12.87,-4455.8,-229.4,-2.89,-197.8,-250.2,1.06
DayToEntryRangePips_LTE_P70,DayToEntryRangePips,70.0,9953,1.334,47265.3,2042.4,23.14,913,1.463,6058.1,629.4,9.63,194,1.415,1263.5,473.4,2.67,5312,34.8,-39293.4,-159.3,-16.17,-3827.5,-243.4,-1.7,-95.3,-126.6,0.41
Range24hPips_LTE_P70,Range24hPips,70.0,10610,1.375,54153.7,1751.9,30.91,998,1.414,5841.4,559.2,10.45,203,1.37,1128.2,453.4,2.49,4655,30.49,-32405.0,-449.8,-8.4,-4044.2,-313.6,-0.88,-230.6,-146.6,0.23
H1_ATR14_Pips_LTE_P90,H1_ATR14_Pips,90.0,13706,1.328,65450.4,2208.0,29.64,1356,1.361,7369.5,1066.4,6.91,295,1.323,1478.2,600.0,2.46,1559,10.21,-21108.3,6.3,-9.67,-2516.1,193.6,-4.42,119.4,0.0,0.2
H1_ATR14_Pips_LTE_P75,H1_ATR14_Pips,75.0,11349,1.324,50602.4,1954.8,25.89,1052,1.429,6234.2,643.4,9.69,208,1.402,1190.9,489.8,2.43,3916,25.65,-35956.3,-246.9,-13.42,-3651.4,-229.4,-1.64,-167.9,-110.2,0.17
H1_ATR14_Pips_LTE_P95,H1_ATR14_Pips,95.0,14484,1.347,74581.2,2201.7,33.87,1449,1.363,8127.7,962.6,8.44,333,1.27,1455.3,600.0,2.43,781,5.12,-11977.5,0.0,-5.44,-1757.9,89.8,-2.89,96.5,0.0,0.17
PrevDayRangePips_LTE_P95,PrevDayRangePips,95.0,14507,1.355,77023.5,2092.2,36.81,1471,1.348,8074.0,1042.8,7.74,332,1.269,1449.6,603.8,2.4,758,4.97,-9535.2,-109.5,-2.5,-1811.6,170.0,-3.59,90.8,3.8,0.14
DayToEntryRangePips_LTE_P90,DayToEntryRangePips,90.0,12870,1.343,65784.1,2039.0,32.26,1251,1.394,7460.6,1133.8,6.58,282,1.281,1273.7,559.0,2.28,2395,15.69,-20774.6,-162.7,-7.05,-2425.0,261.0,-4.75,-85.1,-41.0,0.02
Base_NoFilter,,,15265,1.368,86558.7,2201.7,39.31,1541,1.403,9885.6,872.8,11.33,348,1.237,1358.8,600.0,2.26,0,0.0,0.0,0.0,0.0,0.0,0.0,0.0,0.0,0.0,0.0
Range24hPips_LTE_P95,Range24hPips,95.0,14519,1.343,74371.0,2165.7,34.34,1482,1.382,8756.1,692.0,12.65,341,1.229,1289.8,604.0,2.14,746,4.89,-12187.7,-36.0,-4.97,-1129.5,-180.8,1.32,-69.0,4.0,-0.12
Range24hPips_LTE_P85,Range24hPips,85.0,12948,1.361,66747.4,1684.5,39.62,1282,1.395,7517.0,585.3,12.84,284,1.278,1239.5,585.3,2.12,2317,15.18,-19811.3,-517.2,0.31,-2368.6,-287.5,1.51,-119.3,-14.7,-0.14
Range24hPips_LTE_P80,Range24hPips,80.0,12166,1.363,61892.8,1954.7,31.66,1186,1.412,7064.6,631.0,11.2,255,1.327,1295.6,631.0,2.05,3099,20.3,-24665.9,-247.0,-7.65,-2821.0,-241.8,-0.13,-63.2,31.0,-0.21
Range24hPips_LTE_P75,Range24hPips,75.0,11393,1.366,57739.6,1875.4,30.79,1098,1.416,6558.6,629.1,10.43,233,1.299,1104.3,629.1,1.76,3872,25.37,-28819.1,-326.3,-8.52,-3327.0,-243.7,-0.9,-254.5,29.1,-0.5
H1_ATR14_Pips_LTE_P80,H1_ATR14_Pips,80.0,12128,1.327,55499.8,2318.6,23.94,1149,1.342,5742.8,643.4,8.93,226,1.29,981.0,586.9,1.67,3137,20.55,-31058.9,116.9,-15.37,-4142.8,-229.4,-2.4,-377.8,-13.1,-0.59
PrevDayRangePips_LTE_P90,PrevDayRangePips,90.0,13716,1.337,68197.9,2228.1,30.61,1365,1.292,6297.6,1053.6,5.98,300,1.233,1129.3,698.4,1.62,1549,10.15,-18360.8,26.4,-8.7,-3588.0,180.8,-5.35,-229.5,98.4,-0.64
DayToEntryRangePips_LTE_P80,DayToEntryRangePips,80.0,11401,1.335,55492.7,2142.2,25.9,1069,1.443,6906.0,923.3,7.48,232,1.319,1205.6,749.7,1.61,3864,25.31,-31066.0,-59.5,-13.41,-2979.6,50.5,-3.85,-153.2,149.7,-0.65
Range24hPips_LTE_P90,Range24hPips,90.0,13740,1.342,68764.2,2007.5,34.25,1390,1.326,7077.5,729.3,9.7,313,1.192,1002.1,644.2,1.56,1525,9.99,-17794.5,-194.2,-5.06,-2808.1,-143.5,-1.63,-356.7,44.2,-0.7
DayToEntryRangePips_LTE_P85,DayToEntryRangePips,85.0,12134,1.348,61705.4,2051.5,30.08,1158,1.384,6662.3,1182.2,5.64,254,1.296,1197.0,787.2,1.52,3131,20.51,-24853.3,-150.2,-9.23,-3223.3,309.4,-5.69,-161.8,187.2,-0.74
DayToEntryRangePips_LTE_P95,DayToEntryRangePips,95.0,13624,1.345,71155.2,2183.4,32.59,1361,1.369,7845.9,942.8,8.32,314,1.196,1047.9,699.9,1.5,1641,10.75,-15403.5,-18.3,-6.72,-2039.7,70.0,-3.01,-310.9,99.9,-0.76
DayToEntryRangePips_LTE_P75,DayToEntryRangePips,75.0,10666,1.352,53558.0,2010.0,26.65,981,1.455,6432.7,662.4,9.71,207,1.276,951.0,662.4,1.44,4599,30.13,-33000.7,-191.7,-12.66,-3452.9,-210.4,-1.62,-407.8,62.4,-0.82
H1_ATR14_Pips_LTE_P85,H1_ATR14_Pips,85.0,12915,1.341,62504.7,2079.1,30.06,1250,1.334,6186.7,935.6,6.61,257,1.235,938.7,659.2,1.42,2350,15.39,-24054.0,-122.6,-9.25,-3698.9,62.8,-4.72,-420.1,59.2,-0.84
PrevDayRangePips_LTE_P70,PrevDayRangePips,70.0,10592,1.344,50943.4,1819.9,27.99,985,1.402,5650.7,650.5,8.69,212,1.257,798.1,614.5,1.3,4673,30.61,-35615.3,-381.8,-11.32,-4234.9,-222.3,-2.64,-560.7,14.5,-0.96
PrevDayRangePips_LTE_P80,PrevDayRangePips,80.0,12146,1.357,61843.2,2064.9,29.95,1165,1.384,6596.6,847.0,7.79,256,1.216,869.3,847.0,1.03,3119,20.43,-24715.5,-136.8,-9.36,-3289.0,-25.8,-3.54,-489.5,247.0,-1.23
PrevDayRangePips_LTE_P85,PrevDayRangePips,85.0,12921,1.346,64760.3,2483.3,26.08,1255,1.327,6262.9,868.6,7.21,272,1.205,888.9,868.6,1.02,2344,15.36,-21798.4,281.6,-13.23,-3622.7,-4.2,-4.12,-469.9,268.6,-1.24
PrevDayRangePips_LTE_P75,PrevDayRangePips,75.0,11380,1.341,55142.1,1949.0,28.29,1075,1.366,5748.8,917.0,6.27,234,1.173,641.3,917.0,0.7,3885,25.45,-31416.6,-252.7,-11.02,-4136.8,44.2,-5.06,-717.5,317.0,-1.56
